5b0f56,::1,GET,http://localhost:9269/,1442092673,,200
ff20e5,::1,GET,http://localhost:9269/css/main.css,1442092673,,404
ccbae7,::1,GET,http://localhost:9269/,1442092866,,200
054dc0,::1,GET,http://localhost:9269/css/main.css,1442092866,,404
4bfd0b,::1,GET,http://localhost:9269/,1442094528,,200
2fdc97,::1,GET,http://localhost:9269/css/main.css,1442094528,,404
6d28bb,::1,GET,http://localhost:9269/,1442160454,,200
000c78,::1,GET,http://localhost:9269/css/main.css,1442160454,,404
4fb476,::1,GET,http://localhost:9269/,1442160766,,200
a1793a,::1,GET,http://localhost:9269/css/main.css,1442160766,,404
dbe702,::1,GET,http://localhost:9269/greet/Robery,1442160771,,200
5e7eee,::1,GET,http://localhost:9269/css/main.css,1442160771,,404
65f884,::1,GET,http://localhost:9269/greet/,1442160818,,404
80fa28,::1,GET,http://localhost:9269/,1442160858,,200
bedb43,::1,GET,http://localhost:9269/css/main.css,1442160858,,404
e76d54,::1,GET,http://localhost:9269/profile,1442160951,,302
a45428,::1,GET,http://localhost:9269/,1442160951,,200
136559,::1,GET,http://localhost:9269/css/main.css,1442160951,,404
a8efa2,::1,GET,http://localhost:9269/,1442164104,,500
586de9,::1,GET,http://localhost:9269/,1442164104,,500
21d7a6,::1,GET,http://localhost:9269/,1442164133,,500
8a135f,::1,GET,http://localhost:9269/,1442164134,,500
6ab6f2,::1,GET,http://localhost:9269/,1442164161,,200
f7fe0f,::1,GET,http://localhost:9269/css/main.css,1442164161,,404
642283,::1,GET,http://localhost:9269/,1442164177,,200
ceb679,::1,GET,http://localhost:9269/css/main.css,1442164177,,404
7a65cb,::1,GET,http://localhost:9269/profile,1442164355,,302
879381,::1,GET,http://localhost:9269/,1442164355,,200
3f7e76,::1,GET,http://localhost:9269/css/main.css,1442164355,,404
36a968,::1,GET,http://localhost:9269/profile/hacktor,1442164360,,500
995a05,::1,GET,http://localhost:9269/profile/hacktor,1442164379,,500
429ebf,::1,GET,http://localhost:9269/profile/hacktor,1442164391,,500
4234c4,::1,GET,http://localhost:9269/profile/hacktor,1442164404,,500
8e0626,::1,GET,http://localhost:9269/profile/hacktor,1442164486,,200
ae0670,::1,GET,http://localhost:9269/css/main.css,1442164486,,404
dbf8b4,::1,GET,http://localhost:9269/profile/hacktor,1442165721,,500
bb46f7,::1,GET,http://localhost:9269/profile/hacktor,1442165987,,500
a26e6e,::1,GET,http://localhost:9269/profile/hacktor,1442166003,,500
bb2d80,::1,GET,http://localhost:9269/profile/hacktor,1442166112,,500
753440,::1,GET,http://localhost:9269/profile/hacktor,1442166112,,500
7a90d4,::1,GET,http://localhost:9269/profile/hacktor,1442166126,,200
d240da,::1,GET,http://localhost:9269/css/main.css,1442166126,,404
845f9c,::1,GET,http://localhost:9269/,1442166359,,200
1d6082,::1,GET,http://localhost:9269/css/main.css,1442166360,,404
d826c4,::1,GET,http://localhost:9269/server,1442166427,,200
78f92e,::1,GET,http://localhost:9269/server,1442166503,,500
515fba,::1,GET,http://localhost:9269/server,1442166517,,200
aa902f,::1,GET,http://localhost:9269/css/main.css,1442166517,,404
3b3c43,::1,GET,http://localhost:9269/,1442170389,,500
a22c84,::1,GET,http://localhost:9269/,1442170534,,500
ac7512,::1,GET,http://localhost:9269/,1442250243,,500
f7101f,::1,GET,http://localhost:9269/,1442250384,,500
ccd783,::1,GET,http://localhost:9269/,1442250423,,500
6c3f9b,::1,GET,http://localhost:9269/,1442250424,,500
00df34,::1,GET,http://localhost:9269/,1442250469,,500
6605c4,::1,GET,http://localhost:9269/,1442250610,,500
774ade,::1,GET,http://localhost:9269/,1442250622,,500
4a7c0a,::1,GET,http://localhost:9269/,1442250650,,500
b5db92,::1,GET,http://localhost:9269/,1442250657,,500
19ec8a,::1,GET,http://localhost:9269/,1442251397,,500
f3db24,::1,GET,http://localhost:9269/,1442251438,,500
59bfc3,::1,GET,http://localhost:9269/,1442251456,,500
0fcf94,::1,GET,http://localhost:9269/,1442251487,,500
07dbaa,::1,GET,http://localhost:9269/,1442251505,,500
700e91,::1,GET,http://localhost:9269/,1442251619,,500
b8c020,::1,GET,http://localhost:9269/,1442255155,,500
46b756,::1,GET,http://localhost:9269/,1442256012,,500
8ab2d4,::1,GET,http://localhost:9269/,1442256214,,500
42674b,127.0.0.1,GET,http://localhost:9269/download,1442256311,3b6b3e,200
3b6b3e,::1,GET,http://localhost:9269/,1442256311,,500
b0941e,127.0.0.1,GET,http://localhost:9269/download,1442256360,f9480d,200
3f6545,127.0.0.1,GET,http://localhost:9269/usercp/register,1442256360,f9480d,200
f9480d,::1,GET,http://localhost:9269/,1442256360,,500
d046d4,127.0.0.1,GET,http://localhost:9269/download,1442256456,162448,200
a12e95,127.0.0.1,GET,http://localhost:9269/usercp/register,1442256456,162448,200
162448,::1,GET,http://localhost:9269/,1442256456,,200
2b8d63,127.0.0.1,GET,http://localhost:9269/assets/css/stylesheet.css/download,1442256456,0c90d9,200
1c9f3c,127.0.0.1,GET,http://localhost:9269/assets/css/stylesheet.css/usercp/register,1442256456,0c90d9,200
0c90d9,::1,GET,http://localhost:9269/assets/css/stylesheet.css/,1442256456,,200
83a02c,127.0.0.1,GET,http://localhost:9269/assets/css/bootstrap.min.css/download,1442256456,e8d00a,200
6a42d1,127.0.0.1,GET,http://localhost:9269/assets/css/bootstrap.min.css/usercp/register,1442256456,e8d00a,200
e8d00a,::1,GET,http://localhost:9269/assets/css/bootstrap.min.css/,1442256456,,200
a4ea16,::1,GET,http://localhost:9269/assets/favicon.ico,1442256456,,404
693e08,::1,GET,http://localhost:9269/assets/images/logo.png,1442256456,,404
131649,::1,GET,http://localhost:9269/assets/favicon.ico,1442256456,,404
7ea02d,127.0.0.1,GET,http://localhost:9269/download,1442256580,11bb66,200
c8c98e,127.0.0.1,GET,http://localhost:9269/usercp/register,1442256580,11bb66,200
11bb66,::1,GET,http://localhost:9269/,1442256580,,200
c0fbdc,127.0.0.1,GET,http://localhost:9269/assets/css/stylesheet.css/download,1442256580,65efca,200
6e95e5,127.0.0.1,GET,http://localhost:9269/assets/css/stylesheet.css/usercp/register,1442256580,65efca,200
65efca,::1,GET,http://localhost:9269/assets/css/stylesheet.css/,1442256580,,200
6e9381,127.0.0.1,GET,http://localhost:9269/assets/css/bootstrap.min.css/download,1442256580,730533,200
57989e,127.0.0.1,GET,http://localhost:9269/assets/css/bootstrap.min.css/usercp/register,1442256580,730533,200
730533,::1,GET,http://localhost:9269/assets/css/bootstrap.min.css/,1442256580,,200
9fef6a,::1,GET,http://localhost:9269/assets/images/logo.png,1442256580,,404
9b4c86,127.0.0.1,GET,http://localhost:9269/download,1442256601,b6ccee,200
a4a5fa,127.0.0.1,GET,http://localhost:9269/usercp/register,1442256601,b6ccee,200
b6ccee,::1,GET,http://localhost:9269/,1442256601,,200
297604,127.0.0.1,GET,http://localhost:9269/assets/css/stylesheet.css/download,1442256601,f1326f,200
a2914a,127.0.0.1,GET,http://localhost:9269/assets/css/stylesheet.css/usercp/register,1442256601,f1326f,200
f1326f,::1,GET,http://localhost:9269/assets/css/stylesheet.css/,1442256601,,200
9c18fc,127.0.0.1,GET,http://localhost:9269/assets/css/bootstrap.min.css/download,1442256601,3d1cbd,200
835b1a,127.0.0.1,GET,http://localhost:9269/assets/css/bootstrap.min.css/usercp/register,1442256601,3d1cbd,200
3d1cbd,::1,GET,http://localhost:9269/assets/css/bootstrap.min.css/,1442256601,,200
4b8193,::1,GET,http://localhost:9269/assets/images/logo.png,1442256601,,404
6a728a,127.0.0.1,GET,http://localhost:9269/download,1442256641,616317,200
414798,127.0.0.1,GET,http://localhost:9269/usercp/register,1442256641,616317,200
616317,::1,GET,http://localhost:9269/,1442256641,,200
0fd6c5,127.0.0.1,GET,http://localhost:9269/assets/css/stylesheet.css/download,1442256641,8c003c,200
13fb96,127.0.0.1,GET,http://localhost:9269/assets/css/stylesheet.css/usercp/register,1442256641,8c003c,200
8c003c,::1,GET,http://localhost:9269/assets/css/stylesheet.css/,1442256641,,200
d90554,127.0.0.1,GET,http://localhost:9269/assets/css/bootstrap.min.css/download,1442256641,69331e,200
ae9207,127.0.0.1,GET,http://localhost:9269/assets/css/bootstrap.min.css/usercp/register,1442256641,69331e,200
69331e,::1,GET,http://localhost:9269/assets/css/bootstrap.min.css/,1442256641,,200
a57822,::1,GET,http://localhost:9269/assets/images/logo.png,1442256641,,404
075c9c,127.0.0.1,GET,http://localhost:9269/download,1442256713,f8df5d,200
27000b,127.0.0.1,GET,http://localhost:9269/usercp/register,1442256713,f8df5d,200
f8df5d,::1,GET,http://localhost:9269/,1442256713,,200
914dc3,::1,GET,http://localhost:9269/assets/images/logo.png,1442256719,,404
ed794e,127.0.0.1,GET,http://localhost:9269/download,1442256808,225596,200
70e794,127.0.0.1,GET,http://localhost:9269/usercp/register,1442256808,225596,200
225596,::1,GET,http://localhost:9269/,1442256808,,200
2d21f4,::1,GET,http://localhost:9269/,1442257029,,500
edeba1,::1,GET,http://localhost:9269/,1442257281,,500
af96b3,::1,GET,http://localhost:9269/,1442257323,,500
0e55e8,::1,GET,http://localhost:9269/,1442257326,,500
cc4a95,::1,GET,http://localhost:9269/,1442257337,,500
45f026,::1,GET,http://localhost:9269/,1442257373,,500
caa2fe,127.0.0.1,GET,http://localhost:9269/download,1442257488,2218f2,200
8e9431,127.0.0.1,GET,http://localhost:9269/usercp/register,1442257488,2218f2,200
2218f2,::1,GET,http://localhost:9269/,1442257488,,200
0ea64c,127.0.0.1,GET,http://localhost:9269/download,1442257493,b83c38,200
b69601,127.0.0.1,GET,http://localhost:9269/usercp/register,1442257493,b83c38,200
b83c38,::1,GET,http://localhost:9269/,1442257493,,200
2649db,127.0.0.1,GET,http://localhost:9269//assets/css/stylesheet.css/download,1442257493,3fd408,200
ab6e34,127.0.0.1,GET,http://localhost:9269//assets/css/stylesheet.css/usercp/register,1442257493,3fd408,200
3fd408,::1,GET,http://localhost:9269//assets/css/stylesheet.css/,1442257493,,200
4a5c65,127.0.0.1,GET,http://localhost:9269//assets/css/bootstrap.min.css/download,1442257493,ce57b0,200
774a8a,127.0.0.1,GET,http://localhost:9269//assets/css/bootstrap.min.css/usercp/register,1442257493,ce57b0,200
ce57b0,::1,GET,http://localhost:9269//assets/css/bootstrap.min.css/,1442257493,,200
83c01e,::1,GET,http://localhost:9269//assets/favicon.ico,1442257493,,404
115082,::1,GET,http://localhost:9269//assets/images/logo.png,1442257493,,404
dd7480,::1,GET,http://localhost:9269//assets/favicon.ico,1442257493,,404
daed93,127.0.0.1,GET,http://localhost:9269/download,1442257721,882ac5,200
0d4cf6,127.0.0.1,GET,http://localhost:9269/usercp/register,1442257721,882ac5,200
882ac5,::1,GET,http://localhost:9269/,1442257721,,200
b34d8d,127.0.0.1,GET,http://localhost:9269//assets/css/stylesheet.css/download,1442257721,8170d0,200
0fe899,127.0.0.1,GET,http://localhost:9269//assets/css/stylesheet.css/usercp/register,1442257721,8170d0,200
8170d0,::1,GET,http://localhost:9269//assets/css/stylesheet.css/,1442257721,,200
11a44b,127.0.0.1,GET,http://localhost:9269//assets/css/bootstrap.min.css/download,1442257722,01ad98,200
8e3a9b,127.0.0.1,GET,http://localhost:9269//assets/css/bootstrap.min.css/usercp/register,1442257722,01ad98,200
01ad98,::1,GET,http://localhost:9269//assets/css/bootstrap.min.css/,1442257722,,200
40452c,::1,GET,http://localhost:9269//assets/images/logo.png,1442257722,,404
c2f800,127.0.0.1,GET,http://localhost:9269/download,1442257723,42a3a2,200
686c08,127.0.0.1,GET,http://localhost:9269/usercp/register,1442257723,42a3a2,200
42a3a2,::1,GET,http://localhost:9269/,1442257723,,200
9f8bae,127.0.0.1,GET,http://localhost:9269/download,1442258177,e984ea,200
4bfa15,127.0.0.1,GET,http://localhost:9269/usercp/register,1442258177,e984ea,200
e984ea,::1,GET,http://localhost:9269/,1442258177,,200
a38f0c,127.0.0.1,GET,http://localhost:9269//assets/css/stylesheet.css/download,1442258178,dd61d3,200
a42c6e,127.0.0.1,GET,http://localhost:9269//assets/css/stylesheet.css/usercp/register,1442258178,dd61d3,200
dd61d3,::1,GET,http://localhost:9269//assets/css/stylesheet.css/,1442258178,,200
217b72,127.0.0.1,GET,http://localhost:9269//assets/css/bootstrap.min.css/download,1442258178,d80762,200
919cbf,127.0.0.1,GET,http://localhost:9269//assets/css/bootstrap.min.css/usercp/register,1442258178,d80762,200
d80762,::1,GET,http://localhost:9269//assets/css/bootstrap.min.css/,1442258178,,200
37ea8d,::1,GET,http://localhost:9269//assets/images/logo.png,1442258178,,404
02458c,127.0.0.1,GET,http://v2.cms.dev/download,1442260154,a50cb4,200
55cd27,127.0.0.1,GET,http://v2.cms.dev/usercp/register,1442260154,a50cb4,200
a50cb4,127.0.0.1,GET,http://v2.cms.dev/,1442260154,,200
19bd4d,127.0.0.1,GET,http://v2.cms.dev/index_dev.php/download,1442260229,1cbcfe,200
11ff21,127.0.0.1,GET,http://v2.cms.dev/index_dev.php/usercp/register,1442260229,1cbcfe,200
1cbcfe,127.0.0.1,GET,http://v2.cms.dev/index_dev.php/,1442260229,,200
c9bd7e,127.0.0.1,GET,http://v2.cms.dev/index_dev.php/,1442260282,,200
ac82c5,127.0.0.1,GET,http://v2.cms.dev/index_dev.php/,1442260322,,200
f9625c,127.0.0.1,GET,http://v2.cms.dev/index_dev.php/,1442260324,,200
afe410,127.0.0.1,GET,http://v2.cms.dev/index_dev.php/,1442260342,,200
655a61,127.0.0.1,GET,http://v2.cms.dev/index_dev.php/,1442260414,,200
11a568,127.0.0.1,GET,http://v2.cms.dev/index_dev.php/,1442260456,,200
29f002,127.0.0.1,GET,http://v2.cms.dev/index_dev.php/download,1442260501,,200
0fd354,127.0.0.1,GET,http://v2.cms.dev/index_dev.php/,1442261001,,500
cec78b,127.0.0.1,GET,http://v2.cms.dev/index_dev.php/,1442261032,,200
b02dc8,127.0.0.1,GET,http://v2.cms.dev/index_dev.php/shop,1442261032,,500
40a526,127.0.0.1,GET,http://v2.cms.dev/index_dev.php/,1442261065,,200
932290,127.0.0.1,GET,http://v2.cms.dev/index_dev.php/shop,1442261065,,500
354d34,127.0.0.1,GET,http://v2.cms.dev/index_dev.php/,1442261068,,200
6fc45e,127.0.0.1,GET,http://v2.cms.dev/index_dev.php/,1442261084,,200
a5502b,127.0.0.1,GET,http://v2.cms.dev/index_dev.php/shop,1442261084,,500
